Ticker,Company,Margin of Safety,Volatility 1+AC0-Year,Volatility 3+AC0-Year,Earnings Yield,P/E,Forward P/E,EPS Next Year Chg (Est.+ACU-),PEG Forward,PEG Trailing,EV / EBITDA,P/CF,Price / FCF,Price / Book,P/TB,Price / Sales
ACLS,Axcelis Technologies,+AC0-5+ACU-,0.51,0.48,5.0+ACU-,20.2,19.1,3.1+ACU-,2.3,0.8,12.5,19.9,22.1,2.6,2.6,3.2
AMPH,Amphastar Pharma,16+ACU-,0.41,0.41,8.3+ACU-,12,7.4,5.6+ACU-,0.3,0.2,7.3,8.8,12.1,1.6,6.1,1.9
AMWL,American Well,+AC0- ,0.71,0.79,+AC0-184.4+ACU-,+AC0- ,+AC0- ,+AC0- ,+AC0- ,+AC0- ,1.5,+AC0- ,+AC0- ,0.3,0.4,0.2
CABO,Cable One,+AC0-2+ACU-,0.78,0.56,+AC0-67.9+ACU-,+AC0- ,3.3,83.9+ACU-,0.1,+AC0- ,26.1,1.2,2.3,0.5,+AC0- ,0.5
CCS,Century Communities,3+ACU-,0.39,0.37,11.5+ACU-,8.7,9.3,20.1+ACU-,0.7,1.4,10.1,7.7,10.1,0.7,0.7,0.5
CNC,Centene,+AC0-22+ACU-,0.65,0.44,+AC0-30.2+ACU-,+AC0- ,11.9,52.0+ACU-,0.5,+AC0- ,+AC0-5.4,4.3,5.2,0.8,3.3,0.1
DFIN,Donnelley Financial Solns,40+ACU-,0.48,0.38,2.4+ACU-,41.7,10.6,10.0+ACU-,1.9,2.3,11.5,8.4,13.4,2.9,+AC0- ,1.8
DIT,Amcon Distributing,12+ACU-,0.55,0.51,0.8+ACU-,126.5,+AC0- ,+AC0- ,+AC0- ,+AC0- ,11.4,3.9,7.5,0.7,0.7,0
EBF,Ennis,11+ACU-,0.22,0.21,9.6+ACU-,10.4,+AC0- ,+AC0- ,0.2,1.4,6.2,8.9,10,1.4,2.8,1.1
EE,Excelerate Energy,28+ACU-,0.38,0.39,5.3+ACU-,19,14.1,49.9+ACU-,+AC0- ,+AC0- ,4.6,1.9,3.7,1.3,12.8,0.7
EMN,Eastman Chemical,37+ACU-,0.4,0.31,9.8+ACU-,10.2,9.6,13.9+ACU-,2.3,0.9,7.3,7,17.9,1.2,6.3,0.8
ETD,Ethan Allen Interiors,14+ACU-,0.34,0.33,7.9+ACU-,12.7,12.4,16.9+ACU-,1.4,0.2,7.6,9.5,11.3,1.3,1.4,1
GBX,Greenbrier Companies,+AC0- ,0.38,0.42,15.0+ACU-,6.7,9,13.9+ACU-,0.4,0.2,5.8,5.1,+AC0- ,0.9,1,0.4
GTN,Gray Media,39+ACU-,0.65,0.63,8.5+ACU-,11.8,1.7,+AC0- ,+AC0- ,+AC0- ,7.6,0.9,1.1,0.2,+AC0- ,0.2
GXO,GXO Logistics,16+ACU-,0.43,0.37,1.4+ACU-,69.9,17.4,21.2+ACU-,1.3,+AC0- ,15.5,13.6,79.6,2,+AC0- ,0.5
HCKT,Hackett Group,+AC0-4+ACU-,0.27,0.28,2.0+ACU-,48.9,10.9,11.4+ACU-,1.1,4.2,19.8,12.5,15,5,67.3,1.7
HNNA,Hennessy Advisors,33+ACU-,0.41,0.35,12.4+ACU-,8.1,+AC0- ,+AC0- ,+AC0- ,2.4,3,5.9,6.1,0.8,0.8,2.2
HVT,Haverty Furniture Cos,+AC0-1+ACU-,0.39,0.36,5.2+ACU-,19.3,10.6,83.7+ACU-,0.3,+AC0- ,10.2,6,9.6,1.2,1.2,0.5
INGR,Ingredion,37+ACU-,0.2,0.2,9.2+ACU-,10.9,9.6,1.9+ACU-,2,0.7,6.7,7.4,13.2,1.6,2.3,1
JXN,Jackson Finl,44+ACU-,0.4,0.4,0.1+ACU-,500,3.9,11.8+ACU-,0.2,+AC0- ,124.7,1.2,1.2,0.7,0.7,1.3
LNTH,Lantheus Holdings,14+ACU-,0.59,0.58,4.5+ACU-,22.1,9.4,1.3+ACU-,0.3,0.2,11.5,8.2,9.8,3.2,25.4,2.5
MAS,Masco,29+ACU-,0.3,0.27,6.3+ACU-,15.8,14.6,7.1+ACU-,36.7,2.4,12.2,13,15.6,+AC0- ,+AC0- ,1.7
MGPI,MGP Ingredients,15+ACU-,0.36,0.39,+AC0-2.4+ACU-,+AC0- ,9.4,2.9+ACU-,2.1,+AC0- ,23.3,4.6,8.9,0.6,1.6,1
OSK,Oshkosh,21+ACU-,0.39,0.33,8.2+ACU-,12.2,10,14.8+ACU-,0.7,0.7,7.4,8.3,10.7,1.7,3.4,0.8
REGN,Regeneron Pharmaceuticals,+AC0-7+ACU-,0.41,0.3,6.2+ACU-,16.2,18.4,+AC0-15.1+ACU-,3.4,1.8,11.4,14.6,19.1,2.3,2.4,5.2
SBC,SBC Medical Group Holding,+AC0- ,0.8,0.85,9.5+ACU-,10.5,7.2,9.6+ACU-,+AC0- ,+AC0- ,3.1,+AC0- ,+AC0- ,1.4,1.5,1.9
SPLP,Steel Partners Holdings,43+ACU-,0.44,0.35,27.7+ACU-,3.6,+AC0- ,+AC0- ,+AC0- ,0.2,1.6,2.6,3.1,0.7,0.8,0.5
TAYD,Taylor Devices,+AC0-10+ACU-,0.48,0.57,5.4+ACU-,18.4,17.4,2.1+ACU-,0.8,0.7,11.2,14.2,18.2,2.5,2.5,3.7
TIGO,Millicom Intl Cellular,+AC0-16+ACU-,0.31,0.34,12.9+ACU-,7.8,14.1,32.5+ACU-,+AC0- ,0.8,4.7,5,9.6,2.5,+AC0- ,1.5
WCC,WESCO Intl,14+ACU-,0.41,0.45,4.9+ACU-,20.3,15.8,22.0+ACU-,0.9,0.6,13.2,38.8,51.3,2.6,+AC0- ,0.6
WLK,Westlake,+AC0- ,0.43,0.34,+AC0-11.7+ACU-,+AC0- ,46.9,+AC0- ,+AC0- ,+AC0- ,23.6,12.1,+AC0- ,0.9,1.2,0.7
XYZ,Block,22+ACU-,0.56,0.51,7.5+ACU-,13.3,19.4,37.3+ACU-,1,0.3,12.9,21,22.6,1.8,4.3,1.7
